clip_id,pitcher_name,pitcher_id,catcher_name,catcher_id,play_id,game_pk,at_bat_number,pitch_number,p_throws,fps,n_frames,analysis_frames,scene_cut_at,n_segments,segment_index,chosen_segment,set_frame,first_move_frame,release_frame,delivery_s,first_move_cue,leg_lift_frame,hand_break_frame,release_method,release_kpt_conf,good_track,in_band,release_pre_cut,usable,confidence,qa_video,pitcher_track_id,status
holliday_0ce23685_holderman_R.mp4,Colin Holderman,670059,Joey Bart,663698,0ce23685-1d99-3614-99d7-9bd83a50729a,776372,57,2,R,59.752,770,164,599,3,1,[599:763],620,618.24,716.5,1.6445,leg_lift,618.24,640.0,extension_collapse,0.97,True,True,True,True,1.0,holliday_0ce23685_holderman_R_annotated.mp4,113,ok
holliday_13a471d0_shuster_L.mp4,Jared Shuster,694363,Edgar Quero,700337,13a471d0-5650-3fe0-98ea-5c05e575ea2f,777720,6,1,L,59.67,626,540,540,2,0,[0:540],69,106.18,182.16,1.2733,leg_lift,106.18,87.0,extension_collapse,0.852,True,True,True,True,1.0,holliday_13a471d0_shuster_L_annotated.mp4,137,ok
holliday_26647807_brieske_R.mp4,Beau Brieske,689225,Dillon Dingler,693307,26647807-7731-3b05-ad05-25dc3d0efe39,777562,68,3,R,59.783,912,78,834,2,1,[834:912],858,863.0,886.0,0.3847,hand_break,,863.0,extension_collapse,0.299,True,False,True,False,0.35,holliday_26647807_brieske_R_annotated.mp4,387,ok
holliday_2b478fc6_darvish_R.mp4,Yu Darvish,506433,Freddy Fermin,666023,2b478fc6-e428-3c3a-9952-697fa2f07d1f,776480,32,2,R,59.742,666,295,295,3,0,[0:295],92,136.89,229.5,1.5502,leg_lift,136.89,109.0,extension_collapse,0.87,True,True,True,True,1.0,holliday_2b478fc6_darvish_R_annotated.mp4,394,ok
holliday_309307de_fried_L.mp4,Max Fried,608331,Austin Wells,669224,309307de-6ead-3a8a-9d65-2b2bbba78189,777438,43,6,L,59.707,644,137,490,3,1,[490:627],534,535.13,625.0,1.5052,motion_onset,,,extension_collapse,0.103,True,True,True,False,0.6,holliday_309307de_fried_L_annotated.mp4,719,ok
holliday_3528aa40_okert_L.mp4,Steven Okert,595345,Yainer Diaz,673237,3528aa40-3623-3fbe-bfbd-429ac359c685,776643,58,1,L,59.747,748,654,654,2,0,[0:654],13,101.59,183.22,1.3662,leg_lift,101.59,103.0,extension_collapse,0.584,True,True,True,True,1.0,holliday_3528aa40_okert_L_annotated.mp4,756,ok
holliday_386a0d1f_pallante_R.mp4,Andre Pallante,669467,Iván Herrera,671056,386a0d1f-36ba-37d1-bd44-e858dbc9a29e,777754,27,5,R,59.799,726,362,152,4,1,[152:514],185,181.0,212.32,0.5238,leg_lift,181.0,,extension_collapse,0.78,True,False,True,False,0.75,holliday_386a0d1f_pallante_R_annotated.mp4,919,ok
holliday_4a21ae02_romano_R.mp4,Jordan Romano,605447,Rafael Marchán,665561,4a21ae02-ee9f-378f-a040-fbb33627665e,776851,56,3,R,59.774,890,382,151,3,1,[151:533],190,188.73,283.5,1.5854,leg_lift,188.73,,extension_collapse,0.561,True,True,True,True,1.0,holliday_4a21ae02_romano_R_annotated.mp4,976,ok
holliday_4f418372_junis_R.mp4,Jakob Junis,596001,Austin Hedges,595978,4f418372-7d3b-3a78-9c69-df1b0e0ec681,778292,52,5,R,59.782,970,132,528,5,3,[760:892],817,816.34,887.95,1.1978,motion_onset,,,extension_collapse,0.92,True,True,True,True,1.0,holliday_4f418372_junis_R_annotated.mp4,1253,ok
holliday_53e45164_horton_R.mp4,Cade Horton,690990,Carson Kelly,608348,53e45164-1542-3fef-b7b3-300ff4eb3922,776915,3,3,R,59.703,557,260,260,3,0,[0:260],57,102.76,136.5,0.5652,leg_lift,102.76,,extension_collapse,0.969,True,False,True,False,0.75,holliday_53e45164_horton_R_annotated.mp4,1325,ok
holliday_575182e6_kelly_R.mp4,Kevin Kelly,687330,Danny Jansen,643376,575182e6-5680-3249-95ca-6d89d6797c7e,777477,72,2,R,59.789,954,222,32,4,1,[32:254],88,124.85,171.62,0.7822,leg_lift,124.85,124.0,extension_collapse,0.976,True,False,True,False,0.75,holliday_575182e6_kelly_R_annotated.mp4,1433,ok
holliday_5ebe7bb3_verlander_R.mp4,Justin Verlander,434378,Patrick Bailey,672275,5ebe7bb3-73f0-3f06-9f7f-b8be00d4f5e7,776507,2,3,R,59.673,536,272,272,2,0,[0:272],87,121.06,184.73,1.067,leg_lift,121.06,105.0,extension_collapse,0.354,True,True,True,True,1.0,holliday_5ebe7bb3_verlander_R_annotated.mp4,1614,ok
holliday_6a4935ba_bassitt_R.mp4,Chris Bassitt,605135,Tyler Heineman,623168,6a4935ba-0708-3129-881c-d50b582acbce,778525,15,4,R,59.743,586,112,112,4,0,[0:112],7,11.65,101.41,1.5025,motion_onset,,,extension_collapse,0.959,True,True,True,True,1.0,holliday_6a4935ba_bassitt_R_annotated.mp4,1689,ok
holliday_6ce80996_newcomb_L.mp4,Sean Newcomb,656794,Connor Wong,657136,6ce80996-6c06-3cb0-a296-10963d297879,778512,21,3,L,59.699,707,495,495,3,0,[0:495],5,292.55,390.5,1.6408,leg_lift,292.55,294.0,extension_collapse,0.342,True,True,True,True,1.0,holliday_6ce80996_newcomb_L_annotated.mp4,1903,ok
holliday_841d1908_borucki_L.mp4,Ryan Borucki,621366,Alejandro Kirk,672386,841d1908-6108-32f4-99e2-4607a4995eac,776353,42,4,L,59.703,640,607,607,2,0,[0:607],126,136.37,207.5,1.1914,leg_lift,136.37,173.0,extension_collapse,0.924,True,True,True,True,1.0,holliday_841d1908_borucki_L_annotated.mp4,1914,ok
holliday_854e25e9_henry_R.mp4,Cole Henry,669371,Keibert Ruiz,660688,854e25e9-6e4e-3f5e-b1a7-db4365288321,778193,55,6,R,59.663,526,526,-1,1,0,[0:526],94,131.86,200.5,1.1504,leg_lift,131.86,145.0,extension_collapse,0.93,True,True,True,True,1.0,holliday_854e25e9_henry_R_annotated.mp4,1937,ok
holliday_989d4b7a_dobbins_R.mp4,Hunter Dobbins,690928,Carlos Narváez,665966,989d4b7a-c05c-3276-b2d6-26adb0bba3d1,777809,21,7,R,59.694,634,439,439,2,0,[0:439],128,136.85,189.5,0.882,leg_lift,136.85,167.0,extension_collapse,0.482,True,True,True,True,1.0,holliday_989d4b7a_dobbins_R_annotated.mp4,2216,ok
holliday_a1e1c884_casparius_R.mp4,Ben Casparius,676508,Dalton Rushing,687221,a1e1c884-47c3-3c5d-8461-1742b6a95dd6,776454,42,1,R,59.749,780,61,647,3,2,[719:780],741,737.28,776.87,0.6627,leg_lift,737.28,,extension_collapse,0.951,True,False,True,False,0.75,holliday_a1e1c884_casparius_R_annotated.mp4,2561,ok
holliday_a427582d_richardson_R.mp4,Simeon Woods Richardson,680573,Ryan Jeffers,680777,a427582d-735a-38d0-8acd-93cc490ddc97,778011,10,1,R,59.685,616,249,249,3,0,[0:249],31,119.79,182.84,1.0563,leg_lift,119.79,95.0,extension_collapse,0.746,True,True,True,True,1.0,holliday_a427582d_richardson_R_annotated.mp4,2568,ok
holliday_a65eb744_lauer_L.mp4,Eric Lauer,641778,Tyler Heineman,623168,a65eb744-1861-3eb2-af72-149ee4cfc2e2,776962,42,4,L,59.727,722,473,473,3,0,[0:473],60,109.09,186.62,1.2981,leg_lift,109.09,90.0,extension_collapse,0.38,True,True,True,True,1.0,holliday_a65eb744_lauer_L_annotated.mp4,2819,ok
holliday_b3444865_ray_L.mp4,Robbie Ray,592662,Patrick Bailey,672275,b3444865-c780-3843-b02a-1a7dfc2e90aa,776533,3,5,L,59.826,1062,427,143,5,2,[254:681],510,515.56,588.84,1.2248,leg_lift,515.56,624.0,extension_collapse,0.941,True,True,True,True,1.0,holliday_b3444865_ray_L_annotated.mp4,3052,ok
holliday_b7bdf28b_fisher_R.mp4,Braydon Fisher,680755,Alejandro Kirk,672386,b7bdf28b-719b-370c-8a18-ffee295c2a34,776343,69,4,R,59.665,510,262,151,3,2,[248:510],253,255.25,334.5,1.3283,motion_onset,,,extension_collapse,0.593,True,True,True,True,1.0,holliday_b7bdf28b_fisher_R_annotated.mp4,3113,ok
holliday_bd68803b_finnegan_R.mp4,Kyle Finnegan,640448,Keibert Ruiz,660688,bd68803b-a4d0-3991-8e49-9b9969ff67e4,777907,82,6,R,59.727,600,578,578,2,0,[0:578],86,93.21,182.5,1.4949,leg_lift,93.21,140.0,extension_collapse,0.915,True,True,True,True,1.0,holliday_bd68803b_finnegan_R_annotated.mp4,3121,ok
holliday_e7d5a7b5_littell_R.mp4,Zack Littell,641793,Matt Thaiss,642136,e7d5a7b5-002f-3b85-b534-2c42fdd5b304,777330,12,4,R,59.712,754,627,627,2,0,[0:627],86,104.6,202.5,1.6395,leg_lift,104.6,146.0,extension_collapse,0.642,True,True,True,True,1.0,holliday_e7d5a7b5_littell_R_annotated.mp4,3181,ok
holliday_ecd52c4f_hurter_L.mp4,Brant Hurter,676428,Dillon Dingler,693307,ecd52c4f-6a1a-34b3-95fa-04e3ef72098a,777573,25,5,L,59.736,792,792,-1,1,0,[0:792],48,111.14,179.55,1.1452,leg_lift,111.14,120.0,extension_collapse,0.395,True,True,True,True,1.0,holliday_ecd52c4f_hurter_L_annotated.mp4,3307,ok
